,mmsi,time,lon,lat,imo,vessel_name,dim_bow,dim_stern,dim_port,dim_star,ship_type,ship_type_txt
0,316001002,1621395702,-53.87988333333333,48.579011666666666,,,,,,,,
1,316001002,1621458392,-53.84625166666667,48.570335,,,,,,,,
2,316001002,1621459095,-53.75515333333333,48.635176666666666,,,,,,,,
3,316001002,1621459667,-53.82497333333333,48.596068333333335,,,,,,,,
4,316001002,1621459972,-53.897801666666666,48.58175333333333,,,,,,,,
5,316001640,1626703755,-53.71208,48.537345,,,,,,,,
6,316001640,1626704205,-53.720018333333336,48.531365,,,,,,,,
7,316001640,1626704235,-53.720751666666665,48.53080833333333,,,,,,,,
8,316001640,1626704246,-53.72105166666667,48.53058166666667,,,,,,,,
9,316001640,1626704265,-53.72150333333333,48.53023666666667,,,,,,,,
10,316001640,1626704285,-53.72201,48.529853333333335,,,,,,,,
11,316001640,1626704289,-53.72201,48.529853333333335,,,,,,,,
12,316001640,1626704296,-53.72226333333333,48.52965833333333,,,,,,,,
13,316001640,1626704326,-53.72302833333333,48.52907833333333,,,,,,,,
14,316001640,1626704347,-53.72359333333333,48.52865166666667,,,,,,,,
15,316001640,1626704487,-53.72718166666667,48.52589666666667,,,,,,,,
16,316001640,1626704891,-53.737413333333336,48.51797833333333,,,,,,,,
17,316001640,1626728221,-53.746478333333336,48.51173333333333,,,,,,,,
18,316001640,1626728405,-53.7358,48.520185,,,,,,,,
19,316001640,1626728585,-53.72517833333333,48.528643333333335,,,,,,,,
20,316001640,1626728634,-53.72223,48.530998333333336,,,,,,,,
21,316001640,1626728742,-53.7157,48.53614666666667,,,,,,,,
22,316001640,1626728821,-53.71105333333333,48.539818333333336,,,,,,,,
23,316002140,1638879908,-53.71646833333333,48.53435833333333,,,,,,,,
24,316002140,1638880720,-53.747436666666665,48.508635,,,,,,,,
25,316002140,1638965858,-53.72971166666667,48.522985,,,,,,,,
26,316002140,1638965878,-53.728633333333335,48.52378,,,,,,,,
27,316002140,1638971235,-53.71581333333334,48.53553,,,,,,,,
28,316002140,1638971596,-53.731775,48.523585,,,,,,,,
29,316002140,1638987878,-53.75022,48.508876666666666,,,,,,,,
30,316002140,1638988319,-53.72614166666666,48.524975,,,,,,,,
31,316002547,1621183173,-53.91654166666667,48.58135166666667,,CCG C26616NL,5,3,1,1,51,Search and rescue vessels
32,316002547,1621184649,-53.813165,48.59096666666667,,CCG C26616NL,5,3,1,1,51,Search and rescue vessels
33,316002547,1621185398,-53.86886833333333,48.586468333333336,,CCG C26616NL,5,3,1,1,51,Search and rescue vessels
34,316002547,1621211590,-53.91564,48.581343333333336,,CCG C26616NL,5,3,1,1,51,Search and rescue vessels
35,316002547,1621211962,-53.89115666666667,48.56970333333334,,CCG C26616NL,5,3,1,1,51,Search and rescue vessels
36,316002547,1621212801,-53.861675,48.57698,,CCG C26616NL,5,3,1,1,51,Search and rescue vessels
37,316002547,1621214689,-53.862231666666666,48.58311833333333,,CCG C26616NL,5,3,1,1,51,Search and rescue vessels
38,316002547,1621271059,-53.928738333333335,48.57649,,CCG C26616NL,5,3,1,1,51,Search and rescue vessels
39,316002547,1621338565,-53.89803,48.57939,,CCG C26616NL,5,3,1,1,51,Search and rescue vessels
40,316002547,1621338727,-53.86405666666667,48.57893,,CCG C26616NL,5,3,1,1,51,Search and rescue vessels
41,316002547,1621339158,-53.78737666666667,48.575963333333334,,CCG C26616NL,5,3,1,1,51,Search and rescue vessels
42,316002547,1621339289,-53.76273666666667,48.57447333333333,,CCG C26616NL,5,3,1,1,51,Search and rescue vessels
43,316002547,1621339919,-53.72146333333333,48.563318333333335,,CCG C26616NL,5,3,1,1,51,Search and rescue vessels
44,316002547,1621339979,-53.72157833333333,48.563428333333334,,CCG C26616NL,5,3,1,1,51,Search and rescue vessels
45,316002547,1621341507,-53.71966666666667,48.56499,,CCG C26616NL,5,3,1,1,51,Search and rescue vessels
46,316002547,1621342075,-53.719735,48.56498,,CCG C26616NL,5,3,1,1,51,Search and rescue vessels
47,316002547,1621342079,-53.719735,48.56498,,CCG C26616NL,5,3,1,1,51,Search and rescue vessels
48,316002547,1621344416,-53.720463333333335,48.563245,,CCG C26616NL,5,3,1,1,51,Search and rescue vessels
49,316002547,1621344596,-53.72098166666667,48.562486666666665,,CCG C26616NL,5,3,1,1,51,Search and rescue vessels
50,316002547,1621347395,-53.78275166666667,48.57583833333333,,CCG C26616NL,5,3,1,1,51,Search and rescue vessels
51,316002547,1621356387,-53.856361666666665,48.55854,,CCG C26616NL,5,3,1,1,51,Search and rescue vessels
52,316002547,1621383062,-53.93000166666667,48.57532833333333,,CCG C26616NL,5,3,1,1,51,Search and rescue vessels
53,316002547,1621383746,-53.88102166666667,48.581338333333335,,CCG C26616NL,5,3,1,1,51,Search and rescue vessels
54,316002547,1621384716,-53.907535,48.581163333333336,,CCG C26616NL,5,3,1,1,51,Search and rescue vessels
55,316002547,1621388714,-53.858378333333334,48.55833666666667,,CCG C26616NL,5,3,1,1,51,Search and rescue vessels
56,316002547,1621389043,-53.85416333333333,48.55866833333334,,CCG C26616NL,5,3,1,1,51,Search and rescue vessels
57,316002547,1621392688,-53.86490833333333,48.575156666666665,,CCG C26616NL,5,3,1,1,51,Search and rescue vessels
58,316002547,1621395587,-53.87146333333333,48.578516666666665,,CCG C26616NL,5,3,1,1,51,Search and rescue vessels
59,316002547,1621881105,-53.81155666666667,48.577965,,CCG C26616NL,5,3,1,1,51,Search and rescue vessels
60,316002547,1621881432,-53.882976666666664,48.58101,,CCG C26616NL,5,3,1,1,51,Search and rescue vessels
61,316002547,1621881609,-53.92104833333333,48.579031666666666,,CCG C26616NL,5,3,1,1,51,Search and rescue vessels
62,316002547,1622132855,-53.74963833333333,48.523815,,CCG C26616NL,5,3,1,1,51,Search and rescue vessels
63,316002547,1622143191,-53.784055,48.576175,,CCG C26616NL,5,3,1,1,51,Search and rescue vessels
64,316002547,1622280919,-53.896238333333336,48.581165,,CCG C26616NL,5,3,1,1,51,Search and rescue vessels
65,316002547,1622389048,-53.90472,48.579726666666666,,CCG C26616NL,5,3,1,1,51,Search and rescue vessels
66,316002547,1622389370,-53.83435333333333,48.57805833333333,,CCG C26616NL,5,3,1,1,51,Search and rescue vessels
67,316002547,1622405270,-53.793841666666665,48.57671833333333,,CCG C26616NL,5,3,1,1,51,Search and rescue vessels
68,316002547,1622479399,-53.820355,48.59773833333333,,CCG C26616NL,5,3,1,1,51,Search and rescue vessels
69,316002547,1622493410,-53.728825,48.61545666666667,,CCG C26616NL,5,3,1,1,51,Search and rescue vessels
70,316002547,1622493499,-53.75074333333333,48.60982166666667,,CCG C26616NL,5,3,1,1,51,Search and rescue vessels
71,316002547,1622563989,-53.72148833333333,48.56832166666667,,CCG C26616NL,5,3,1,1,51,Search and rescue vessels
72,316002547,1622577608,-53.81755833333333,48.593716666666666,,CCG C26616NL,5,3,1,1,51,Search and rescue vessels
73,316002547,1622903699,-53.85982666666666,48.584305,,CCG C26616NL,5,3,1,1,51,Search and rescue vessels
74,316002547,1622903879,-53.82234166666667,48.594875,,CCG C26616NL,5,3,1,1,51,Search and rescue vessels
75,316002547,1622903935,-53.809488333333334,48.59863,,CCG C26616NL,5,3,1,1,51,Search and rescue vessels
76,316002547,1622903940,-53.80842333333333,48.59892333333333,,CCG C26616NL,5,3,1,1,51,Search and rescue vessels
77,316002547,1622903970,-53.80206666666667,48.60073166666667,,CCG C26616NL,5,3,1,1,51,Search and rescue vessels
78,316002547,1622903974,-53.80121166666667,48.600966666666665,,CCG C26616NL,5,3,1,1,51,Search and rescue vessels
79,316002547,1622904070,-53.781241666666666,48.60691,,CCG C26616NL,5,3,1,1,51,Search and rescue vessels
80,316002547,1622924438,-53.798748333333336,48.598488333333336,,CCG C26616NL,5,3,1,1,51,Search and rescue vessels
81,316002547,1622924740,-53.86038833333333,48.58521833333333,,CCG C26616NL,5,3,1,1,51,Search and rescue vessels
82,316002547,1623010866,-53.89474166666667,48.579861666666666,,CCG C26616NL,5,3,1,1,51,Search and rescue vessels
83,316002547,1623011250,-53.81482166666667,48.597325,,CCG C26616NL,5,3,1,1,51,Search and rescue vessels
84,316002547,1623011456,-53.77353166666666,48.60993,,CCG C26616NL,5,3,1,1,51,Search and rescue vessels
85,316002547,1623026275,-53.715538333333335,48.62563333333333,,CCG C26616NL,5,3,1,1,51,Search and rescue vessels
86,316002547,1623026485,-53.75066833333333,48.61474166666667,,CCG C26616NL,5,3,1,1,51,Search and rescue vessels
87,316002547,1623026605,-53.77063,48.608243333333334,,CCG C26616NL,5,3,1,1,51,Search and rescue vessels
88,316002547,1623026856,-53.812236666666664,48.59469333333333,,CCG C26616NL,5,3,1,1,51,Search and rescue vessels
89,316002547,1623027393,-53.893393333333336,48.567483333333335,,CCG C26616NL,5,3,1,1,51,Search and rescue vessels
90,316002547,1623431743,-53.817605,48.57767166666667,,CCG C26616NL,5,3,1,1,51,Search and rescue vessels
91,316002547,1623432233,-53.71592,48.565311666666666,,CCG C26616NL,5,3,1,1,51,Search and rescue vessels
92,316002547,1623436062,-53.79309166666667,48.57634,,CCG C26616NL,5,3,1,1,51,Search and rescue vessels
93,316002547,1623436624,-53.725735,48.613171666666666,,CCG C26616NL,5,3,1,1,51,Search and rescue vessels
94,316002547,1623438768,-53.91936166666667,48.57864166666667,,CCG C26616NL,5,3,1,1,51,Search and rescue vessels
95,316002547,1623527083,-53.717755,48.62819833333333,,CCG C26616NL,5,3,1,1,51,Search and rescue vessels
96,316002547,1623527313,-53.76409,48.616115,,CCG C26616NL,5,3,1,1,51,Search and rescue vessels
97,316002547,1623527643,-53.82953833333333,48.59079333333333,,CCG C26616NL,5,3,1,1,51,Search and rescue vessels
98,316002547,1623602833,-53.818305,48.577985,,CCG C26616NL,5,3,1,1,51,Search and rescue vessels
99,316002547,1623608284,-53.71816333333334,48.566646666666664,,CCG C26616NL,5,3,1,1,51,Search and rescue vessels
100,316002547,1623610296,-53.719253333333334,48.56751333333333,,CCG C26616NL,5,3,1,1,51,Search and rescue vessels
101,316002547,1623610843,-53.86009833333333,48.580035,,CCG C26616NL,5,3,1,1,51,Search and rescue vessels
102,316002547,1623681830,-53.88238333333334,48.58036,,CCG C26616NL,5,3,1,1,51,Search and rescue vessels
103,316002547,1623682216,-53.807745,48.59818,,CCG C26616NL,5,3,1,1,51,Search and rescue vessels
104,316002547,1623704396,-53.76403166666667,48.614518333333336,,CCG C26616NL,5,3,1,1,51,Search and rescue vessels
105,316002547,1623704919,-53.902341666666665,48.581648333333334,,CCG C26616NL,5,3,1,1,51,Search and rescue vessels
106,316002547,1625851521,-53.89275666666666,48.58189333333333,,CCG C26616NL,5,3,1,1,51,Search and rescue vessels
107,316002547,1625851737,-53.844033333333336,48.58804666666666,,CCG C26616NL,5,3,1,1,51,Search and rescue vessels
108,316002547,1625852071,-53.794563333333336,48.585618333333336,,CCG C26616NL,5,3,1,1,51,Search and rescue vessels
109,316002547,1625852455,-53.762613333333334,48.605003333333336,,CCG C26616NL,5,3,1,1,51,Search and rescue vessels
110,316002547,1625861155,-53.83513166666667,48.588168333333336,,CCG C26616NL,5,3,1,1,51,Search and rescue vessels
111,316002547,1625861175,-53.83919,48.587716666666665,,CCG C26616NL,5,3,1,1,51,Search and rescue vessels
112,316002547,1625861226,-53.848535,48.58698833333333,,CCG C26616NL,5,3,1,1,51,Search and rescue vessels
113,316002547,1625861236,-53.85061833333334,48.58681833333333,,CCG C26616NL,5,3,1,1,51,Search and rescue vessels
114,316002547,1625861256,-53.854366666666664,48.58638166666667,,CCG C26616NL,5,3,1,1,51,Search and rescue vessels
115,316002547,1625861265,-53.85602166666666,48.58613833333333,,CCG C26616NL,5,3,1,1,51,Search and rescue vessels
116,316002547,1625861286,-53.85990833333334,48.58560833333333,,CCG C26616NL,5,3,1,1,51,Search and rescue vessels
117,316002547,1625861296,-53.861783333333335,48.58537666666667,,CCG C26616NL,5,3,1,1,51,Search and rescue vessels
118,316002547,1625928820,-53.727545,48.624251666666666,,CCG C26616NL,5,3,1,1,51,Search and rescue vessels
119,316002547,1625943104,-53.77782,48.60984833333333,,CCG C26616NL,5,3,1,1,51,Search and rescue vessels
120,316002547,1625945532,-53.923748333333336,48.57888333333333,,CCG C26616NL,5,3,1,1,51,Search and rescue vessels
121,316002547,1626281014,-53.84939166666667,48.580061666666666,,CCG C26616NL,5,3,1,1,51,Search and rescue vessels
122,316002547,1626281330,-53.77238833333333,48.57715833333334,,CCG C26616NL,5,3,1,1,51,Search and rescue vessels
123,316002547,1626282019,-53.73618666666667,48.53896666666667,,CCG C26616NL,5,3,1,1,51,Search and rescue vessels
124,316002547,1626291985,-53.81095666666667,48.57794333333333,,CCG C26616NL,5,3,1,1,51,Search and rescue vessels
125,316002547,1626463311,-53.918571666666665,48.57915833333333,,CCG C26616NL,5,3,1,1,51,Search and rescue vessels
126,316002547,1626467975,-53.781636666666664,48.5764,,CCG C26616NL,5,3,1,1,51,Search and rescue vessels
127,316002547,1626625472,-53.89881666666667,48.580025,,CCG C26616NL,5,3,1,1,51,Search and rescue vessels
128,316002547,1626626054,-53.76835666666667,48.614403333333335,,CCG C26616NL,5,3,1,1,51,Search and rescue vessels
129,316002547,1626744577,-53.873055,48.576185,,CCG C26616NL,5,3,1,1,51,Search and rescue vessels
130,316002547,1626744591,-53.87583333333333,48.574895,,CCG C26616NL,5,3,1,1,51,Search and rescue vessels
131,316002547,1626744611,-53.879945,48.57319833333333,,CCG C26616NL,5,3,1,1,51,Search and rescue vessels
132,316002547,1626744656,-53.888556666666666,48.56939166666667,,CCG C26616NL,5,3,1,1,51,Search and rescue vessels
133,316002547,1626744661,-53.88912333333333,48.569145,,CCG C26616NL,5,3,1,1,51,Search and rescue vessels
134,316002547,1626744672,-53.89061,48.5685,,CCG C26616NL,5,3,1,1,51,Search and rescue vessels
135,316002547,1626744677,-53.89111833333333,48.56825833333333,,CCG C26616NL,5,3,1,1,51,Search and rescue vessels
136,316002547,1626744691,-53.892395,48.56762,,CCG C26616NL,5,3,1,1,51,Search and rescue vessels
137,316002547,1626744697,-53.89261833333333,48.5675,,CCG C26616NL,5,3,1,1,51,Search and rescue vessels
138,316002547,1626744737,-53.893645,48.56674833333334,,CCG C26616NL,5,3,1,1,51,Search and rescue vessels
139,316002547,1626744738,-53.893645,48.56674833333334,,CCG C26616NL,5,3,1,1,51,Search and rescue vessels
140,316002547,1626744816,-53.894045,48.566478333333336,,CCG C26616NL,5,3,1,1,51,Search and rescue vessels
141,316002547,1626744831,-53.894171666666665,48.56648333333333,,CCG C26616NL,5,3,1,1,51,Search and rescue vessels
142,316002547,1626744836,-53.89420166666667,48.56648166666667,,CCG C26616NL,5,3,1,1,51,Search and rescue vessels
143,316002547,1626802820,-53.76988333333333,48.612883333333336,,CCG C26616NL,5,3,1,1,51,Search and rescue vessels
144,316002547,1626815901,-53.865496666666665,48.58537,,CCG C26616NL,5,3,1,1,51,Search and rescue vessels
145,316002547,1626978706,-53.85836,48.558413333333334,,CCG C26616NL,5,3,1,1,51,Search and rescue vessels
146,316002547,1626980069,-53.886896666666665,48.57884,,CCG C26616NL,5,3,1,1,51,Search and rescue vessels
147,316002547,1626980296,-53.923535,48.57391,,CCG C26616NL,5,3,1,1,51,Search and rescue vessels
148,316002547,1627143207,-53.789245,48.60377166666667,,CCG C26616NL,5,3,1,1,51,Search and rescue vessels
149,316002547,1627157814,-53.886588333333336,48.58221833333333,,CCG C26616NL,5,3,1,1,51,Search and rescue vessels
150,316002547,1627230737,-53.89317,48.57917833333333,,CCG C26616NL,5,3,1,1,51,Search and rescue vessels
151,316003000,1609865289,-53.71145166666667,48.56699,,,,,,,,
152,316003000,1609865659,-53.726706666666665,48.54464333333333,,,,,,,,
153,316003000,1609865718,-53.72899,48.54101333333333,,,,,,,,
154,316003000,1609865779,-53.731368333333336,48.537393333333334,,,,,,,,
155,316003000,1609865868,-53.734678333333335,48.53226333333333,,,,,,,,
156,316003000,1609866152,-53.74592333333333,48.514586666666666,,,,,,,,
157,316003000,1609866259,-53.750285,48.50801666666667,,,,,,,,
158,316003000,1609874129,-53.727603333333334,48.54300333333333,,,,,,,,
159,316003000,1609874199,-53.72508,48.54680166666667,,,,,,,,
160,316003160,1620411605,-53.91563166666667,48.58457333333333,,,5,3,1,1,51,Search and rescue vessels
161,316003160,1620413913,-53.920878333333334,48.57903666666667,,,5,3,1,1,51,Search and rescue vessels
162,316003160,1621094368,-53.91813333333333,48.57824,,,5,3,1,1,51,Search and rescue vessels
163,316003160,1621094963,-53.914635,48.57877166666667,,,5,3,1,1,51,Search and rescue vessels
164,316003160,1621100273,-53.913691666666665,48.575515,,,5,3,1,1,51,Search and rescue vessels
165,316003160,1621184816,-53.856946666666666,48.57353666666667,,,5,3,1,1,51,Search and rescue vessels
166,316003160,1621184978,-53.841773333333336,48.57559333333333,,,5,3,1,1,51,Search and rescue vessels
167,316003160,1621186694,-53.92178,48.57875833333333,,,5,3,1,1,51,Search and rescue vessels
168,316003160,1621211914,-53.928868333333334,48.57705833333333,,,5,3,1,1,51,Search and rescue vessels
169,316003160,1621213741,-53.85492166666667,48.57402166666667,,,5,3,1,1,51,Search and rescue vessels
170,316003160,1621214022,-53.830981666666666,48.581091666666666,,,5,3,1,1,51,Search and rescue vessels
171,316003160,1621214730,-53.88632166666667,48.57530166666667,,,5,3,1,1,51,Search and rescue vessels
172,316003160,1621383645,-53.921225,48.581575,,,5,3,1,1,51,Search and rescue vessels
173,316003160,1621384198,-53.90322666666667,48.57548,,,5,3,1,1,51,Search and rescue vessels
174,316003160,1621384319,-53.889496666666666,48.57653666666667,,,5,3,1,1,51,Search and rescue vessels
175,316003160,1621384826,-53.890105,48.57134833333333,,,5,3,1,1,51,Search and rescue vessels
176,316003160,1621391480,-53.88283,48.578878333333336,,,5,3,1,1,51,Search and rescue vessels
177,316003160,1621391931,-53.84520833333333,48.57467,,,5,3,1,1,51,Search and rescue vessels
178,316003160,1621393612,-53.86026833333333,48.573575,,,5,3,1,1,51,Search and rescue vessels
179,316003160,1621394147,-53.85943,48.573816666666666,,,5,3,1,1,51,Search and rescue vessels
180,316003160,1621394813,-53.86325333333333,48.57332,,,5,3,1,1,51,Search and rescue vessels
181,316003160,1622737566,-53.86604166666667,48.582515,,CCG C17170NL,5,3,1,1,51,Search and rescue vessels
182,316003160,1622738115,-53.84768,48.5738,,CCG C17170NL,5,3,1,1,51,Search and rescue vessels
183,316003160,1622743513,-53.911208333333335,48.57763166666667,,CCG C17170NL,5,3,1,1,51,Search and rescue vessels
184,316003160,1622745526,-53.916471666666666,48.578041666666664,,CCG C17170NL,5,3,1,1,51,Search and rescue vessels
185,316003160,1622769506,-53.86846833333333,48.578245,,CCG C17170NL,5,3,1,1,51,Search and rescue vessels
186,316003160,1622771156,-53.87933666666667,48.581195,,CCG C17170NL,5,3,1,1,51,Search and rescue vessels
187,316003160,1622895378,-53.92835,48.575206666666666,,CCG C17170NL,5,3,1,1,51,Search and rescue vessels
188,316003160,1622896456,-53.87727666666667,48.58334333333333,,CCG C17170NL,5,3,1,1,51,Search and rescue vessels
189,316003160,1622896816,-53.8624,48.584695,,CCG C17170NL,5,3,1,1,51,Search and rescue vessels
190,316003160,1622896995,-53.88926166666667,48.57163666666667,,CCG C17170NL,5,3,1,1,51,Search and rescue vessels
191,316003160,1622899803,-53.84883166666667,48.561655,,CCG C17170NL,5,3,1,1,51,Search and rescue vessels
192,316003160,1622899833,-53.84847666666667,48.56216666666667,,CCG C17170NL,5,3,1,1,51,Search and rescue vessels
193,316003160,1622899873,-53.848641666666666,48.56653333333333,,CCG C17170NL,5,3,1,1,51,Search and rescue vessels
194,316003160,1622900014,-53.853296666666665,48.57475,,CCG C17170NL,5,3,1,1,51,Search and rescue vessels
195,316003160,1622900152,-53.882108333333335,48.58249,,CCG C17170NL,5,3,1,1,51,Search and rescue vessels
196,316003160,1622906486,-53.880295,48.57887,,CCG C17170NL,5,3,1,1,51,Search and rescue vessels
197,316003160,1622909057,-53.71973,48.565081666666664,,CCG C17170NL,5,3,1,1,51,Search and rescue vessels
198,316003160,1622913507,-53.816581666666664,48.577825,,CCG C17170NL,5,3,1,1,51,Search and rescue vessels
199,316003160,1622913807,-53.89284833333333,48.568551666666664,,CCG C17170NL,5,3,1,1,51,Search and rescue vessels
200,316003160,1622926514,-53.897418333333334,48.586011666666664,,CCG C17170NL,5,3,1,1,51,Search and rescue vessels
201,316003160,1622926753,-53.89064666666667,48.57797333333333,,CCG C17170NL,5,3,1,1,51,Search and rescue vessels
202,316003160,1622927979,-53.915191666666665,48.580573333333334,,CCG C17170NL,5,3,1,1,51,Search and rescue vessels
203,316003160,1623979270,-53.8779,48.58212666666667,,CCG C17170NL,5,3,1,1,51,Search and rescue vessels
204,316003160,1624133459,-53.770055,48.604573333333335,,CCG C17170NL,5,3,1,1,51,Search and rescue vessels
205,316003160,1624133977,-53.912425,48.58085833333333,,CCG C17170NL,5,3,1,1,51,Search and rescue vessels
206,316003160,1624199074,-53.789116666666665,48.60908166666667,,CCG C17170NL,5,3,1,1,51,Search and rescue vessels
207,316003160,1624199085,-53.78702,48.60979833333333,,CCG C17170NL,5,3,1,1,51,Search and rescue vessels
208,316003160,1624199105,-53.783195,48.61105833333333,,CCG C17170NL,5,3,1,1,51,Search and rescue vessels
209,316003160,1624199139,-53.776615,48.61315333333334,,CCG C17170NL,5,3,1,1,51,Search and rescue vessels
210,316003160,1624199154,-53.77366833333333,48.61404,,CCG C17170NL,5,3,1,1,51,Search and rescue vessels
211,316003160,1624199295,-53.745733333333334,48.622,,CCG C17170NL,5,3,1,1,51,Search and rescue vessels
212,316003160,1624216537,-53.78573333333333,48.60737,,CCG C17170NL,5,3,1,1,51,Search and rescue vessels
213,316003160,1624216699,-53.81795666666667,48.594321666666666,,CCG C17170NL,5,3,1,1,51,Search and rescue vessels
214,316003160,1624216840,-53.84818166666667,48.58696,,CCG C17170NL,5,3,1,1,51,Search and rescue vessels
215,316003160,1624216849,-53.850433333333335,48.586625,,CCG C17170NL,5,3,1,1,51,Search and rescue vessels
216,316003160,1624217067,-53.899948333333334,48.58208333333334,,CCG C17170NL,5,3,1,1,51,Search and rescue vessels
217,316003160,1624303237,-53.870315,48.578125,,CCG C17170NL,5,3,1,1,51,Search and rescue vessels
218,316003160,1624378759,-53.86759166666667,48.583875,,CCG C17170NL,5,3,1,1,51,Search and rescue vessels
219,316003160,1624378784,-53.860598333333336,48.58514,,CCG C17170NL,5,3,1,1,51,Search and rescue vessels
220,316003160,1624392598,-53.71846,48.61143333333333,,CCG C17170NL,5,3,1,1,51,Search and rescue vessels
221,316003160,1624393041,-53.83515,48.58605,,CCG C17170NL,5,3,1,1,51,Search and rescue vessels
222,316003160,1624393171,-53.87193833333333,48.58367666666667,,CCG C17170NL,5,3,1,1,51,Search and rescue vessels
223,316003160,1624478659,-53.725775,48.57027166666666,,CCG C17170NL,5,3,1,1,51,Search and rescue vessels
224,316003160,1624478842,-53.77146333333334,48.57521333333333,,CCG C17170NL,5,3,1,1,51,Search and rescue vessels
225,316003160,1624544119,-53.882933333333334,48.581473333333335,,CCG C17170NL,5,3,1,1,51,Search and rescue vessels
226,316003160,1624544175,-53.867635,48.582881666666665,,CCG C17170NL,5,3,1,1,51,Search and rescue vessels
227,316003160,1624544185,-53.86465333333334,48.583436666666664,,CCG C17170NL,5,3,1,1,51,Search and rescue vessels
228,316003160,1624544235,-53.852093333333336,48.58719333333333,,CCG C17170NL,5,3,1,1,51,Search and rescue vessels
229,316003160,1624544245,-53.849545,48.58799666666667,,CCG C17170NL,5,3,1,1,51,Search and rescue vessels
230,316003160,1624544285,-53.839038333333335,48.59108,,CCG C17170NL,5,3,1,1,51,Search and rescue vessels
231,316003160,1624544329,-53.82786333333333,48.594605,,CCG C17170NL,5,3,1,1,51,Search and rescue vessels
232,316003160,1624544335,-53.82664166666667,48.595056666666665,,CCG C17170NL,5,3,1,1,51,Search and rescue vessels
233,316003160,1624544355,-53.821565,48.597055,,CCG C17170NL,5,3,1,1,51,Search and rescue vessels
234,316003160,1624544395,-53.81220666666667,48.600865,,CCG C17170NL,5,3,1,1,51,Search and rescue vessels
235,316003160,1624544405,-53.80989,48.60193666666667,,CCG C17170NL,5,3,1,1,51,Search and rescue vessels
236,316003160,1624544415,-53.80739666666667,48.603161666666665,,CCG C17170NL,5,3,1,1,51,Search and rescue vessels
237,316003160,1624544420,-53.80646333333333,48.60358333333333,,CCG C17170NL,5,3,1,1,51,Search and rescue vessels
238,316003160,1624544455,-53.797956666666664,48.606903333333335,,CCG C17170NL,5,3,1,1,51,Search and rescue vessels
239,316003160,1624544525,-53.78019833333333,48.61293166666667,,CCG C17170NL,5,3,1,1,51,Search and rescue vessels
240,316003160,1624544635,-53.751398333333334,48.62107666666667,,CCG C17170NL,5,3,1,1,51,Search and rescue vessels
241,316003160,1624563037,-53.740655,48.618183333333334,,CCG C17170NL,5,3,1,1,51,Search and rescue vessels
242,316003160,1624736801,-53.84223,48.58611,,CCG C17170NL,5,3,1,1,51,Search and rescue vessels
243,316003160,1624819639,-53.71839,48.56877333333333,,CCG C17170NL,5,3,1,1,51,Search and rescue vessels
244,316003160,1624819937,-53.78474666666666,48.57633833333333,,CCG C17170NL,5,3,1,1,51,Search and rescue vessels
245,316003160,1624983248,-53.79734833333333,48.57735666666667,,CCG C17170NL,5,3,1,1,51,Search and rescue vessels
246,316003160,1624983323,-53.78042333333333,48.57703333333333,,CCG C17170NL,5,3,1,1,51,Search and rescue vessels
247,316003160,1624983328,-53.77930333333333,48.577045,,CCG C17170NL,5,3,1,1,51,Search and rescue vessels
248,316003160,1624983573,-53.74523666666666,48.580535,,CCG C17170NL,5,3,1,1,51,Search and rescue vessels
249,316003160,1625097526,-53.87149333333333,48.58194833333334,,CCG C17170NL,5,3,1,1,51,Search and rescue vessels
250,316003160,1625101790,-53.82203666666667,48.59049666666667,,,,,,,,
251,316003160,1625101815,-53.82647,48.58931166666667,,,,,,,,
252,316003160,1625101825,-53.828021666666665,48.588966666666664,,,,,,,,
253,316003160,1625101860,-53.834163333333336,48.587376666666664,,,,,,,,
254,316003160,1625101920,-53.844305,48.58499333333334,,,,,,,,
255,316003160,1625101939,-53.84795,48.584723333333336,,,,,,,,
256,316003160,1625101945,-53.848865,48.584691666666664,,,,,,,,
257,316003160,1625101965,-53.852491666666666,48.58466833333333,,,,,,,,
258,316003160,1625101970,-53.85339333333334,48.584626666666665,,,,,,,,
259,316003160,1625102005,-53.85973166666667,48.58414333333333,,,,,,,,
260,316003160,1625102025,-53.86333833333333,48.583875,,,,,,,,
261,316003160,1625102125,-53.881211666666665,48.58103166666667,,,,,,,,
262,316003160,1625102245,-53.90283,48.58020166666667,,,,,,,,
263,316003160,1625102265,-53.906463333333335,48.58023,,,,,,,,
264,316003160,1625102280,-53.909191666666665,48.58023333333333,,,,,,,,
265,316003160,1625102349,-53.921166666666664,48.578045,,,,,,,,
266,316003160,1625102375,-53.92509166666667,48.576526666666666,,,,,,,,
267,316003160,1625102385,-53.926678333333335,48.575925,,,,,,,,
268,316003160,1625322808,-53.920451666666665,48.57844166666667,,,,,,,,
269,316003160,1625323469,-53.80121666666667,48.600251666666665,,,,,,,,
270,316003160,1625323622,-53.76871833333333,48.611065,,,,,,,,
271,316003160,1625342495,-53.713161666666664,48.62643,,,,,,,,
272,316003160,1625343204,-53.86318333333333,48.585188333333335,,,,,,,,
273,316003160,1625343341,-53.89602333333333,48.58213,,,,,,,,
274,316003160,1625343372,-53.902768333333334,48.581451666666666,,,,,,,,
275,316003160,1625343412,-53.912285,48.581086666666664,,,,,,,,
276,316003160,1625343452,-53.920985,48.578471666666665,,,,,,,,
277,316003160,1625420551,-53.866505,48.581455,,,,,,,,
278,316003160,1625421011,-53.79051833333333,48.605718333333336,,,,,,,,
279,316003160,1625421365,-53.751353333333334,48.63010166666667,,,,,,,,
280,316003160,1625424002,-53.845666666666666,48.58667,,,,,,,,
281,316003160,1625424495,-53.854955,48.585815,,,,,,,,
282,316003160,1625425090,-53.848165,48.586695,,,,,,,,
283,316003160,1625675175,-53.723706666666665,48.622323333333334,,,,,,,,
284,316003160,1625686429,-53.797988333333336,48.58724,,,,,,,,
285,316003160,1633558455,-53.88733333333333,48.565601666666666,,CCG C17170NL,5,3,1,1,51,Search and rescue vessels
286,316003160,1633558753,-53.872081666666666,48.57843833333333,,CCG C17170NL,5,3,1,1,51,Search and rescue vessels
287,316003160,1633559873,-53.831311666666664,48.58087333333334,,CCG C17170NL,5,3,1,1,51,Search and rescue vessels
288,316003160,1633560807,-53.911303333333336,48.579973333333335,,CCG C17170NL,5,3,1,1,51,Search and rescue vessels
289,316003160,1633639311,-53.90347333333333,48.576415,,CCG C17170NL,5,3,1,1,51,Search and rescue vessels
290,316003160,1633649479,-53.878766666666664,48.57748333333333,,CCG C17170NL,5,3,1,1,51,Search and rescue vessels
291,316003160,1633649489,-53.88025833333333,48.577603333333336,,CCG C17170NL,5,3,1,1,51,Search and rescue vessels
292,316003160,1633649955,-53.880613333333336,48.577225,,CCG C17170NL,5,3,1,1,51,Search and rescue vessels
293,316003160,1633654032,-53.89572666666667,48.57978,,CCG C17170NL,5,3,1,1,51,Search and rescue vessels
294,316003160,1633792586,-53.909061666666666,48.57850166666667,,CCG C17170NL,5,3,1,1,51,Search and rescue vessels
295,316003160,1633793691,-53.84263166666667,48.58333,,CCG C17170NL,5,3,1,1,51,Search and rescue vessels
296,316003160,1633795048,-53.84012,48.582855,,CCG C17170NL,5,3,1,1,51,Search and rescue vessels
297,316003160,1633795067,-53.84278166666667,48.582298333333334,,CCG C17170NL,5,3,1,1,51,Search and rescue vessels
298,316003160,1633795108,-53.844051666666665,48.58176666666667,,CCG C17170NL,5,3,1,1,51,Search and rescue vessels
299,316003160,1633795127,-53.844315,48.581555,,CCG C17170NL,5,3,1,1,51,Search and rescue vessels
300,316003160,1634855421,-53.88697333333333,48.57954,,CCG C17170NL,5,3,1,1,51,Search and rescue vessels
301,316003160,1634855900,-53.84658833333334,48.57387166666667,,CCG C17170NL,5,3,1,1,51,Search and rescue vessels
302,316003160,1634859583,-53.894305,48.571221666666666,,CCG C17170NL,5,3,1,1,51,Search and rescue vessels
303,316003160,1634859737,-53.89376166666667,48.571373333333334,,CCG C17170NL,5,3,1,1,51,Search and rescue vessels
304,316003160,1634925698,-53.922685,48.578651666666666,,CCG C17170NL,5,3,1,1,51,Search and rescue vessels
305,316003160,1634925898,-53.93033666666667,48.574191666666664,,CCG C17170NL,5,3,1,1,51,Search and rescue vessels
306,316003160,1634996714,-53.71975166666667,48.564568333333334,,CCG C17170NL,5,3,1,1,51,Search and rescue vessels
307,316003160,1634997769,-53.71982833333333,48.5644,,CCG C17170NL,5,3,1,1,51,Search and rescue vessels
308,316003160,1635974444,-53.91480833333333,48.58360166666667,,CCG C17170NL,5,3,1,1,51,Search and rescue vessels
309,316003160,1635974778,-53.895556666666664,48.56895166666666,,CCG C17170NL,5,3,1,1,51,Search and rescue vessels
310,316003160,1635975548,-53.86427,48.579098333333334,,CCG C17170NL,5,3,1,1,51,Search and rescue vessels
311,316003160,1635976304,-53.85603,48.58334166666667,,CCG C17170NL,5,3,1,1,51,Search and rescue vessels
312,316003160,1635977630,-53.927045,48.57899,,CCG C17170NL,5,3,1,1,51,Search and rescue vessels
313,316003160,1636200667,-53.77149,48.57432,,CCG C17170NL,5,3,1,1,51,Search and rescue vessels
314,316003160,1636200686,-53.768571666666666,48.57405,,CCG C17170NL,5,3,1,1,51,Search and rescue vessels
315,316003160,1636200746,-53.758948333333336,48.573323333333335,,CCG C17170NL,5,3,1,1,51,Search and rescue vessels
316,316003160,1636200806,-53.75024666666667,48.57241833333333,,CCG C17170NL,5,3,1,1,51,Search and rescue vessels
317,316003160,1636201193,-53.717055,48.5647,,CCG C17170NL,5,3,1,1,51,Search and rescue vessels
318,316003160,1636202716,-53.720191666666665,48.56366333333333,,CCG C17170NL,5,3,1,1,51,Search and rescue vessels
319,316003160,1636207212,-53.718895,48.56567666666667,,CCG C17170NL,5,3,1,1,51,Search and rescue vessels
320,316003160,1636208935,-53.81392666666667,48.578115,,CCG C17170NL,5,3,1,1,51,Search and rescue vessels
321,316003160,1636209302,-53.88469333333333,48.579915,,CCG C17170NL,5,3,1,1,51,Search and rescue vessels
322,316003160,1636211619,-53.91684333333333,48.576715,,CCG C17170NL,5,3,1,1,51,Search and rescue vessels
323,316003160,1636212964,-53.91495833333333,48.57556833333334,,CCG C17170NL,5,3,1,1,51,Search and rescue vessels
324,316003160,1636213056,-53.91522166666667,48.576296666666664,,CCG C17170NL,5,3,1,1,51,Search and rescue vessels
325,316003160,1636213058,-53.91522166666667,48.576296666666664,,CCG C17170NL,5,3,1,1,51,Search and rescue vessels
326,316003170,1622769016,-53.90472833333333,48.575626666666665,,,,,,,,
327,316003190,1621338772,-53.845843333333335,48.57843166666667,,CCG C25943NL,5,4,1,2,51,Search and rescue vessels
328,316003190,1621339334,-53.73696666666667,48.572183333333335,,CCG C25943NL,5,4,1,2,51,Search and rescue vessels
329,316003190,1621342086,-53.72011,48.564341666666664,,CCG C25943NL,5,4,1,2,51,Search and rescue vessels
330,316003190,1621347384,-53.781938333333336,48.576275,,CCG C25943NL,5,4,1,2,51,Search and rescue vessels
331,316003190,1621347388,-53.782961666666665,48.576276666666665,,CCG C25943NL,5,4,1,2,51,Search and rescue vessels
332,316003190,1621347434,-53.79213,48.57666666666667,,CCG C25943NL,5,4,1,2,51,Search and rescue vessels
333,316003190,1621347673,-53.841966666666664,48.580061666666666,,CCG C25943NL,5,4,1,2,51,Search and rescue vessels
334,316003190,1621348929,-53.895131666666664,48.56608333333333,,CCG C25943NL,5,4,1,2,51,Search and rescue vessels
335,316003190,1621349551,-53.92586,48.575495,,CCG C25943NL,5,4,1,2,51,Search and rescue vessels
336,316003190,1621354580,-53.91654833333333,48.58347,,CCG C25943NL,5,4,1,2,51,Search and rescue vessels
337,316003190,1621356854,-53.855941666666666,48.55858666666666,,CCG C25943NL,5,4,1,2,51,Search and rescue vessels
338,316003190,1621383613,-53.917213333333336,48.58321,,CCG C25943NL,5,4,1,2,51,Search and rescue vessels
339,316003190,1621384228,-53.867781666666666,48.584203333333335,,CCG C25943NL,5,4,1,2,51,Search and rescue vessels
340,316003190,1621384482,-53.86168833333333,48.58568666666667,,CCG C25943NL,5,4,1,2,51,Search and rescue vessels
341,316003190,1621384751,-53.889945,48.57158166666667,,CCG C25943NL,5,4,1,2,51,Search and rescue vessels
342,316003190,1621385202,-53.890843333333336,48.584268333333334,,CCG C25943NL,5,4,1,2,51,Search and rescue vessels
343,316003190,1621386253,-53.853773333333336,48.55899,,CCG C25943NL,5,4,1,2,51,Search and rescue vessels
344,316003190,1621390015,-53.87390333333333,48.58014,,CCG C25943NL,5,4,1,2,51,Search and rescue vessels
345,316003190,1621390627,-53.89323666666667,48.57508833333333,,CCG C25943NL,5,4,1,2,51,Search and rescue vessels
346,316003190,1621391915,-53.87009333333334,48.57562333333333,,CCG C25943NL,5,4,1,2,51,Search and rescue vessels
347,316003190,1621394133,-53.866643333333336,48.57121166666666,,CCG C25943NL,5,4,1,2,51,Search and rescue vessels
348,316003190,1634925707,-53.92225666666667,48.579365,,,,,,,,
349,316003190,1634991178,-53.79917833333333,48.57749166666667,,,,,,,,
350,316003190,1634991310,-53.776445,48.574911666666665,,,,,,,,
351,316003210,1621211628,-53.914505,48.58067,,,,,,,,
352,316003210,1621211955,-53.87924833333334,48.57931333333333,,,,,,,,
353,316003210,1621211984,-53.87507166666666,48.57912666666667,,,,,,,,
354,316003210,1621212075,-53.8624,48.578605,,,,,,,,
355,316005578,1628862030,-53.854933333333335,48.57767833333333,,,,,,,,
356,316014136,1627415085,-53.744555,48.618676666666666,,CCG C26618NL,5,3,1,1,51,Search and rescue vessels
357,316014136,1627415897,-53.87807,48.56463333333333,,CCG C26618NL,5,3,1,1,51,Search and rescue vessels
358,316014136,1627418533,-53.918965,48.57923,,CCG C26618NL,5,3,1,1,51,Search and rescue vessels
359,316014136,1627587784,-53.714578333333336,48.56495,,CCG C26618NL,5,3,1,1,51,Search and rescue vessels
360,316014136,1627588143,-53.79201666666667,48.54139333333333,,CCG C26618NL,5,3,1,1,51,Search and rescue vessels
361,316014136,1627588333,-53.80377333333333,48.53391166666667,,CCG C26618NL,5,3,1,1,51,Search and rescue vessels
362,316014136,1627588393,-53.80545,48.53303666666667,,CCG C26618NL,5,3,1,1,51,Search and rescue vessels
363,316014136,1627747030,-53.91166666666667,48.580135,,CCG C26618NL,5,3,1,1,51,Search and rescue vessels
364,316014136,1627763405,-53.724183333333336,48.61677,,CCG C26618NL,5,3,1,1,51,Search and rescue vessels
365,316014136,1627830131,-53.83681,48.57776,,CCG C26618NL,5,3,1,1,51,Search and rescue vessels
366,316014136,1628108633,-53.85162166666667,48.583558333333336,,CCG C26618NL,5,3,1,1,51,Search and rescue vessels
367,316014136,1628126983,-53.72268666666667,48.592315,,CCG C26618NL,5,3,1,1,51,Search and rescue vessels
368,316014136,1628127521,-53.739963333333336,48.589555,,CCG C26618NL,5,3,1,1,51,Search and rescue vessels
369,316014136,1628182088,-53.91016833333333,48.57991666666667,,CCG C26618NL,5,3,1,1,51,Search and rescue vessels
370,316014136,1628182670,-53.78742,48.60572166666667,,CCG C26618NL,5,3,1,1,51,Search and rescue vessels
371,316014136,1628194567,-53.79737166666666,48.59957,,CCG C26618NL,5,3,1,1,51,Search and rescue vessels
372,316014136,1628271359,-53.72262166666667,48.62727,,CCG C26618NL,5,3,1,1,51,Search and rescue vessels
373,316014136,1628278739,-53.77427333333333,48.61457333333333,,CCG C26618NL,5,3,1,1,51,Search and rescue vessels
374,316014136,1628278872,-53.78766,48.60986833333333,,CCG C26618NL,5,3,1,1,51,Search and rescue vessels
375,316014136,1628279673,-53.91586,48.580058333333334,,CCG C26618NL,5,3,1,1,51,Search and rescue vessels
376,316014136,1628373260,-53.747665,48.62777333333333,,CCG C26618NL,5,3,1,1,51,Search and rescue vessels
377,316014136,1628376995,-53.90972333333333,48.58081833333333,,CCG C26618NL,5,3,1,1,51,Search and rescue vessels
378,316014136,1628447731,-53.92283333333334,48.57789,,CCG C26618NL,5,3,1,1,51,Search and rescue vessels
379,316014136,1628449302,-53.9154,48.580255,,CCG C26618NL,5,3,1,1,51,Search and rescue vessels
380,316014136,1628607355,-53.85032666666667,48.585735,,CCG C26618NL,5,3,1,1,51,Search and rescue vessels
381,316014136,1628620248,-53.81820666666667,48.594276666666666,,CCG C26618NL,5,3,1,1,51,Search and rescue vessels
382,316014136,1628785313,-53.893025,48.577243333333335,,CCG C26618NL,5,3,1,1,51,Search and rescue vessels
383,316014136,1628887953,-53.91194,48.580668333333335,,CCG C26618NL,5,3,1,1,51,Search and rescue vessels
384,316014136,1629222389,-53.807988333333334,48.610746666666664,,CCG C26618NL,5,3,1,1,51,Search and rescue vessels
385,316014136,1629223435,-53.74664833333333,48.576483333333336,,CCG C26618NL,5,3,1,1,51,Search and rescue vessels
386,316014136,1629226188,-53.71145666666666,48.55695,,CCG C26618NL,5,3,1,1,51,Search and rescue vessels
387,316014136,1629232807,-53.88839,48.580705,,CCG C26618NL,5,3,1,1,51,Search and rescue vessels
388,316014136,1629307602,-53.72754166666667,48.57039,,CCG C26618NL,5,3,1,1,51,Search and rescue vessels
389,316014136,1629308917,-53.74478,48.53913333333333,,CCG C26618NL,5,3,1,1,51,Search and rescue vessels
390,316014136,1629481179,-53.84746166666667,48.586753333333334,,CCG C26618NL,5,3,1,1,51,Search and rescue vessels
391,316014136,1629492202,-53.7977,48.599803333333334,,CCG C26618NL,5,3,1,1,51,Search and rescue vessels
392,316014136,1629492232,-53.80414833333333,48.597878333333334,,CCG C26618NL,5,3,1,1,51,Search and rescue vessels
393,316014136,1629492252,-53.808345,48.596603333333334,,CCG C26618NL,5,3,1,1,51,Search and rescue vessels
394,316014136,1629492262,-53.810743333333335,48.595821666666666,,CCG C26618NL,5,3,1,1,51,Search and rescue vessels
395,316014136,1629558682,-53.77122166666667,48.61188666666666,,CCG C26618NL,5,3,1,1,51,Search and rescue vessels
396,316014136,1629567769,-53.71814166666667,48.62727,,CCG C26618NL,5,3,1,1,51,Search and rescue vessels
397,316014136,1629571499,-53.753745,48.632936666666666,,CCG C26618NL,5,3,1,1,51,Search and rescue vessels
398,316014136,1629662325,-53.914606666666664,48.57872666666667,,CCG C26618NL,5,3,1,1,51,Search and rescue vessels
399,316014136,1629731865,-53.845525,48.588278333333335,,CCG C26618NL,5,3,1,1,51,Search and rescue vessels
400,316014136,1629918793,-53.882311666666666,48.57872,,CCG C26618NL,5,3,1,1,51,Search and rescue vessels
401,316014136,1629919364,-53.73525333333333,48.570481666666666,,CCG C26618NL,5,3,1,1,51,Search and rescue vessels
402,316014136,1629919884,-53.80408166666667,48.53367,,CCG C26618NL,5,3,1,1,51,Search and rescue vessels
403,316014136,1629924065,-53.721775,48.57239166666667,,CCG C26618NL,5,3,1,1,51,Search and rescue vessels
404,316014136,1629924599,-53.86363,48.5787,,CCG C26618NL,5,3,1,1,51,Search and rescue vessels
405,316014136,1629924639,-53.874755,48.57899,,CCG C26618NL,5,3,1,1,51,Search and rescue vessels
406,316014136,1629924649,-53.877475,48.57913,,CCG C26618NL,5,3,1,1,51,Search and rescue vessels
407,316014136,1630336432,-53.90586666666667,48.579655,,CCG C26618NL,5,3,1,1,51,Search and rescue vessels
408,316014136,1630353700,-53.88219,48.580758333333335,,CCG C26618NL,5,3,1,1,51,Search and rescue vessels
409,316014136,1630517185,-53.82995666666667,48.577755,,,,,,,,
410,316014136,1630524680,-53.78738,48.57580166666666,,,,,,,,
411,316014136,1630598014,-53.88633,48.581808333333335,,,,,,,,
412,316014136,1630783192,-53.806673333333336,48.59815666666667,,,,,,,,
413,316014136,1630958634,-53.85138666666667,48.579748333333335,,,,,,,,
414,316014136,1630958774,-53.89284166666667,48.580623333333335,,,,,,,,
415,316014136,1630958831,-53.91070666666667,48.580753333333334,,,,,,,,
416,316014370,1623442895,-53.716875,48.53209833333333,,,,,,,,
417,316014370,1623442919,-53.718001666666666,48.531423333333336,,,,,,,,
418,316014370,1623442979,-53.720821666666666,48.529735,,,,,,,,
419,316014370,1623443007,-53.72223,48.52889166666667,,,,,,,,
420,316014370,1623443637,-53.75226333333333,48.51088,,,,,,,,
421,316014370,1623443697,-53.75504333333333,48.509251666666664,,,,,,,,
422,316014370,1623557442,-53.756726666666665,48.50969166666667,,,,,,,,
423,316014370,1623557651,-53.75083166666667,48.51326666666667,,,,,,,,
424,316014370,1623558121,-53.737548333333336,48.521346666666666,,,,,,,,
425,316014370,1623558216,-53.73497666666667,48.522915,,,,,,,,
426,316014370,1623558366,-53.730848333333334,48.525461666666665,,,,,,,,
427,316014370,1623558702,-53.72141,48.531245,,,,,,,,
428,316014370,1623558929,-53.715005,48.535048333333336,,,,,,,,
429,316014370,1624112678,-53.716316666666664,48.532965,,,,,,,,
430,316014370,1624112793,-53.72152333333333,48.529828333333334,,,,,,,,
431,316014370,1624112993,-53.73091333333333,48.52417,,,,,,,,
432,316014370,1624113476,-53.750701666666664,48.51231833333333,,,,,,,,
433,316014370,1624233786,-53.761745,48.508615,,,,,,,,
434,316014370,1624233852,-53.75901833333333,48.51018166666667,,,,,,,,
435,316014370,1624233932,-53.755765,48.512055,,,,,,,,
436,316014370,1624233945,-53.75519833333333,48.512385,,,,,,,,
437,316014370,1624234013,-53.752516666666665,48.513925,,,,,,,,
438,316014370,1624234066,-53.750323333333334,48.515185,,,,,,,,
439,316014370,1624234132,-53.747635,48.516711666666666,,,,,,,,
440,316014370,1624234253,-53.742756666666665,48.51951,,,,,,,,
441,316014370,1624234272,-53.74198166666667,48.519956666666666,,,,,,,,
442,316014370,1624234392,-53.737065,48.522785,,,,,,,,
443,316014370,1624234412,-53.736255,48.523255,,,,,,,,
444,316014370,1624234432,-53.73544666666667,48.523725,,,,,,,,
445,316014370,1624234445,-53.73492,48.524028333333334,,,,,,,,
446,316014370,1624234452,-53.734635,48.52419166666667,,,,,,,,
447,316014370,1624234472,-53.73382333333333,48.524655,,,,,,,,
448,316014370,1624234519,-53.731926666666666,48.525756666666666,,,,,,,,
449,316014370,1624234525,-53.731645,48.52592,,,,,,,,
450,316014370,1624234685,-53.725323333333336,48.52958666666667,,,,,,,,
451,316014370,1624234753,-53.72266833333333,48.531128333333335,,,,,,,,
452,316014370,1624235016,-53.712046666666666,48.537256666666664,,,,,,,,
453,316015647,1627732801,-53.75626833333333,48.634585,,FRIDAY NIGHT,5,11,3,3,37,Pleasure craft
454,316015647,1627750447,-53.75627333333333,48.63461,,FRIDAY NIGHT,5,11,3,3,37,Pleasure craft
455,316015647,1627824264,-53.756285,48.634595,,FRIDAY NIGHT,5,11,3,3,37,Pleasure craft
456,316015647,1627908680,-53.7563,48.634586666666664,,FRIDAY NIGHT,5,11,3,3,37,Pleasure craft
457,316015647,1628118588,-53.75629166666667,48.634573333333336,,FRIDAY NIGHT,5,11,3,3,37,Pleasure craft
458,316015647,1628124887,-53.7563,48.63457,,FRIDAY NIGHT,5,11,3,3,37,Pleasure craft
459,316015647,1628303264,-53.75631166666667,48.63458,,FRIDAY NIGHT,5,11,3,3,37,Pleasure craft
460,316015647,1628389387,-53.75629166666667,48.63457666666667,,FRIDAY NIGHT,5,11,3,3,37,Pleasure craft
461,316015647,1628475425,-53.75631333333333,48.63458166666667,,FRIDAY NIGHT,5,11,3,3,37,Pleasure craft
462,316015647,1628814931,-53.75627333333333,48.63459,,FRIDAY NIGHT,5,11,3,3,37,Pleasure craft
463,316015647,1629106883,-53.7563,48.634605,,FRIDAY NIGHT,5,11,3,3,37,Pleasure craft
464,316015647,1629412405,-53.75626333333334,48.634605,,FRIDAY NIGHT,5,11,3,3,37,Pleasure craft
465,316019219,1625874101,-53.72011333333333,48.58154,,ATLANTIC BANDIT,3,11,3,3,30,Fishing
466,316021844,1625404104,-53.7141,48.626965,,,,,,,,
467,316021844,1625404519,-53.72792,48.61496833333333,,,,,,,,
468,316021844,1625405027,-53.722498333333334,48.614215,,,,,,,,
469,316021844,1625405159,-53.721275,48.614375,,,,,,,,
470,316021844,1625405269,-53.720185,48.61457333333333,,,,,,,,
471,316021844,1625405377,-53.71919166666667,48.61479666666666,,,,,,,,
472,316021844,1625405453,-53.718608333333336,48.61489,,,,,,,,
473,316021844,1625405732,-53.71772333333333,48.61463,,,,,,,,
474,316026531,1627658988,-53.78156166666667,48.60867,,PIER PRESSURE V,7,8,3,2,37,Pleasure craft
475,316026531,1627829495,-53.86874,48.581943333333335,,PIER PRESSURE V,7,8,3,2,37,Pleasure craft
476,316026531,1627915142,-53.90377,48.58022666666667,,PIER PRESSURE V,7,8,3,2,37,Pleasure craft
477,316026531,1627915202,-53.900315,48.58014333333333,,PIER PRESSURE V,7,8,3,2,37,Pleasure craft
478,316042572,1622821718,-53.75136666666667,48.50945,,,,,,,,
479,316042572,1622822084,-53.74053333333333,48.51743333333334,,,,,,,,
480,316044074,1636201081,-53.718783333333334,48.564688333333336,,,,,,,,
481,316058000,1618751574,-53.71117,48.540775,,,,,,,,
482,316058000,1618751583,-53.711685,48.54045,,,,,,,,
483,316058000,1618751613,-53.71345,48.539365,,,,,,,,
484,316058000,1618751634,-53.71471,48.53859833333333,,,,,,,,
485,316058000,1618751643,-53.71526166666666,48.538275,,,,,,,,
486,316058000,1618751673,-53.71706,48.53718333333333,,,,,,,,
487,316058000,1618761305,-53.72878166666667,48.52997333333333,,,,,,,,
488,316122000,1633714882,-53.714486666666666,48.537366666666664,,,,,,,,
489,316122000,1633715042,-53.71825,48.5349,,,,,,,,
490,316122000,1633715227,-53.7225,48.532135,,,,,,,,
491,316122000,1633715450,-53.72750833333333,48.528805,,,,,,,,
492,316122000,1633716027,-53.74003666666667,48.520428333333335,,,,,,,,
493,316122000,1633716165,-53.74327666666667,48.518275,,,,,,,,
494,316122000,1633716435,-53.749431666666666,48.514311666666664,,,,,,,,
495,316122000,1633716674,-53.754095,48.51119666666666,,,,,,,,
496,316122000,1633734235,-53.75702833333333,48.509895,,,,,,,,
497,316122000,1633734309,-53.75567,48.510661666666664,,,,,,,,
498,316122000,1633734319,-53.75552833333333,48.51073,,,,,,,,
499,316122000,1633734418,-53.753795,48.51161666666667,,,,,,,,
500,316122000,1633734608,-53.750841666666666,48.51371,,,,,,,,
501,316122000,1633734667,-53.74993833333333,48.514406666666666,,,,,,,,
502,316122000,1633734800,-53.747726666666665,48.51589833333333,,,,,,,,
503,316122000,1633734983,-53.74523666666666,48.518195,,,,,,,,
504,316122000,1633735084,-53.744056666666665,48.51955,,,,,,,,
505,316122000,1633735124,-53.74353,48.520068333333334,,,,,,,,
506,316122000,1633735212,-53.74228333333333,48.52121,,,,,,,,
507,316122000,1633735517,-53.738261666666666,48.525036666666665,,,,,,,,
508,316122000,1633735677,-53.73636166666667,48.526846666666664,,,,,,,,
509,316122000,1633735771,-53.735056666666665,48.52779666666667,,,,,,,,
510,316122000,1633736235,-53.72920333333333,48.53314833333334,,,,,,,,
511,316122000,1633736275,-53.728698333333334,48.53364166666667,,,,,,,,
512,316122000,1633736766,-53.72223,48.53971666666666,,,,,,,,
513,316122000,1633736824,-53.721421666666664,48.54045333333333,,,,,,,,
514,316122000,1633736876,-53.720706666666665,48.54107166666667,,,,,,,,
515,316122000,1633736904,-53.72038,48.541395,,,,,,,,
516,316122000,1633737219,-53.71573166666667,48.54586666666667,,,,,,,,
517,316122000,1633737256,-53.714575,48.54716333333333,,,,,,,,
518,316122000,1633737314,-53.712446666666665,48.54909,,,,,,,,
519,316122000,1633737336,-53.71123333333333,48.54931166666667,,,,,,,,
520,316122000,1633737765,-53.71606833333333,48.539613333333335,,,,,,,,
521,316122000,1633737894,-53.71844166666666,48.537593333333334,,,,,,,,
522,316122000,1633738066,-53.722095,48.53467666666667,,,,,,,,
523,316122000,1633738066,-53.722025,48.534728333333334,,,,,,,,
524,316122000,1633738318,-53.728303333333336,48.53102,,,,,,,,
525,316122000,1633738445,-53.731341666666665,48.528776666666666,,,,,,,,
526,316122000,1633738588,-53.73478166666667,48.52630833333333,,,,,,,,
527,316122000,1633738936,-53.7457,48.519596666666665,,,,,,,,
528,316122000,1633738946,-53.745885,48.51945166666667,,,,,,,,
529,316122000,1633739068,-53.749885,48.51654166666667,,,,,,,,
